{
    "properties": {
      "displayName": "App Service apps should only be accessible over HTTPS",
      "policyType": "BuiltIn",
      "mode": "Indexed",
      "description": "Use of HTTPS ensures server/service authentication and protects data in transit from network layer eavesdropping attacks.",
      "metadata": {
        "version": "4.0.0",
        "category": "App Service"
      },
      "version": "4.0.0",
      "parameters": {
        "effect": {
          "type": "string",
          "defaultValue": "Audit",
          "allowedValues": [
            "Audit",
            "Disabled",
            "Deny"
          ],
          "metadata": {
            "displayName": "Effect",
            "description": "Enable or disable the execution of the policy"
          }
        }
      },
      "policyRule": {
        "if": {
          "allOf": [
            {
              "field": "type",
              "equals": "Microsoft.Web/sites"
            },
            {
              "field": "kind",
              "notContains": "functionapp"
            },
            {
              "anyOf": [
                {
                  "field": "Microsoft.Web/sites/httpsOnly",
                  "exists": "false"
                },
                {
                  "field": "Microsoft.Web/sites/httpsOnly",
                  "equals": "false"
                }
              ]
            }
          ]
        },
        "then": {
          "effect": "[parameters('effect')]"
        }
      }
    }
  }