{ 
    "serviceprovider": "azure", 
    "servicerequirement_name": [ 
        "Azure::SQL_Database::*" 
    ], 
    "service_type":"Databases",
    "servicedisplay_name": "SQL Database", 
    "serviceapproval_status": { 
        "Prod": "", 
        "SNP": "", 
        "NP": "" 
    }, 
    "phase": "Service Discovery", 
    "mapping": [ 

        { 

            "requirement_name": "Ensure that 'Auditing' is set to 'On' at server level and Retention is 'greater than 90 days'", 
            "policy": "https://github.com/ey-org/cloudsec-ccm/blob/2f64bb8bca3288577fc7700725649392de89e71e/Baseline%20Requirement%20Library/Azure/Azure%20SQL%20Database%20Runbook.md#1-ensure-that-auditing-is-set-to-on-at-server-level-and-retention-is-greater-than-90-days", 
            "security_domain": "Network Security", 
            "ticket_enabled": "false", 
            "tags": [], 
            "severity": { 
                "cvss_score":"5.3",
                "cvss_severity":"Medium",
                "cvss_vector": "#CVSS:3.1/AV:L/AC:L/PR:L/UI:N/S:U/C:L/I:L/A:L"                      
            },           
            "control_mapping": ["CS0012300"], 
            "implementations": [] 
        }, 
        {
            "requirement_name": "Ensure SQL Database connections are encrypted in transit using TLS1.2", 
            "policy": "https://github.com/ey-org/cloudsec-ccm/blob/2f64bb8bca3288577fc7700725649392de89e71e/Baseline%20Requirement%20Library/Azure/Azure%20SQL%20Database%20Runbook.md#2-ensure-sql-database-connections-are-encrypted-in-transit-using-tls12", 
            "security_domain": "Network Security", 
            "ticket_enabled": "false", 
            "tags": [], 
            "severity": { 
                "cvss_score":"8.2",
                "cvss_severity":"High",
                "cvss_vector": "#CVSS:3.1/AV:A/AC:L/PR:L/UI:N/S:C/C:H/I:L/A:L"                
            },           
            "control_mapping": ["CS0012300"], 
            "implementations": [] 
        }, 
        {
            "requirement_name": "Ensure Azure SQL Database is deployed in Virtual networks", 
            "policy": "https://github.com/ey-org/cloudsec-ccm/blob/2f64bb8bca3288577fc7700725649392de89e71e/Baseline%20Requirement%20Library/Azure/Azure%20SQL%20Database%20Runbook.md#3-ensure-azure-sql-database-is-deployed-in-virtual-networks", 
            "security_domain": "Network Security", 
            "ticket_enabled": "false", 
            "tags": [], 
            "severity": { 
                "cvss_score":"9.1",
                "cvss_severity":"Critical",
                "cvss_vector": "#CVSS:3.1/AV:N/AC:L/PR:L/UI:N/S:C/C:L/I:L/A:H"                  
            },           
            "control_mapping": ["CS0012300"], 
            "implementations": [] 
        },
        {
            "requirement_name": "Ensure Network Security Groups protect the Azure SQL Database", 
            "policy": "https://github.com/ey-org/cloudsec-ccm/blob/2f64bb8bca3288577fc7700725649392de89e71e/Baseline%20Requirement%20Library/Azure/Azure%20SQL%20Database%20Runbook.md#4-ensure-network-security-groups-protect-the-azure-sql-database", 
            "security_domain": "Network Security", 
            "ticket_enabled": "false", 
            "tags": [], 
            "severity": { 
                "cvss_score":"8.2",
                "cvss_severity":"High",
                "cvss_vector": "#CVSS:3.1/AV:N/AC:L/PR:H/UI:N/S:C/C:L/I:L/A:H"                      
            },           
            "control_mapping": ["CS0012300"], 
            "implementations": [] 
        }, 
        {
            "requirement_name": "Ensure that 'Transparent data encryption' is enabled using Organization's Manged keys (CMK)", 
            "policy": "https://github.com/ey-org/cloudsec-ccm/blob/2f64bb8bca3288577fc7700725649392de89e71e/Baseline%20Requirement%20Library/Azure/Azure%20SQL%20Database%20Runbook.md#5-ensure-that-transparent-data-encryption-is-enabled-using-organizations-manged-keys-cmk", 
            "security_domain": "Data Protection", 
            "ticket_enabled": "false", 
            "tags": [], 
            "severity": { 
                "cvss_score":"7.6",
                "cvss_severity":"High",
                "cvss_vector": "#CVSS:3.1/AV:A/AC:L/PR:L/UI:N/S:U/C:H/I:H/A:L"                   
            },           
            "control_mapping": ["CS0012300"], 
            "implementations": [] 
        }, 
                 
        { 
            "requirement_name": "Ensure Microsoft Defender for Azure SQL Database is enabled at the subscription level to enable security alert and Vulnerability scanning", 
            "policy": "https://github.com/ey-org/cloudsec-ccm/blob/2f64bb8bca3288577fc7700725649392de89e71e/Baseline%20Requirement%20Library/Azure/Azure%20SQL%20Database%20Runbook.md#6-ensure-microsoft-defender-for-azure-sql-database-is-enabled-at-the-subscription-level-to-enable-security-alert-and-vulnerability-scanning", 
            "security_domain": "Data Protection", 
                "ticket_enabled": "false", 
                "tags": [], 
                "severity": { 
                    "cvss_score":"9.9",
                    "cvss_severity":"Critical",
                    "cvss_vector": "#CVSS:3.1/AV:N/AC:L/PR:L/UI:N/S:C/C:H/I:L/A:H"                      
            },           
                "control_mapping": [""], 
                "implementations": [] 
        }, 
        { 
            "requirement_name": "Ensure application level access is granted using Managed Identities", 
            "policy": "https://github.com/ey-org/cloudsec-ccm/blob/2f64bb8bca3288577fc7700725649392de89e71e/Baseline%20Requirement%20Library/Azure/Azure%20SQL%20Database%20Runbook.md#7-ensure-application-level-access-is-granted-using-managed-identities", 
            "security_domain": "IAM", 
            "ticket_enabled": "false", 
            "tags": [], 
            "severity": { 
                "cvss_score":"8.2",
                "cvss_severity":"High",
                "cvss_vector": "#CVSS:3.1/AV:A/AC:L/PR:L/UI:N/S:C/C:L/I:H/A:L"                
            },            
            "control_mapping": ["CS0012298"], 
            "implementations": [] 
        }, 
        
        { 
            "requirement_name": "Ensure File-snapshot backups of Azure SQL database are stored in private page blob", 
            "policy": "https://github.com/ey-org/cloudsec-ccm/blob/2f64bb8bca3288577fc7700725649392de89e71e/Baseline%20Requirement%20Library/Azure/Azure%20SQL%20Database%20Runbook.md#10-ensure-file-snapshot-backups-of-azure-sql-database-are-stored-in-private-page-blob", 
            "security_domain": "Data Protection", 
            "ticket_enabled": "false", 
            "tags": [], 
            "severity": { 
                "cvss_score":"6.6",
                "cvss_severity":"Medium",
                "cvss_vector": "#CVSS:3.1/AV:N/AC:H/PR:H/UI:N/S:C/C:N/I:L/A:H"                     
            },            
            "control_mapping": ["CS0012142"], 
            "implementations": [] 
        }, 
        { 
            "requirement_name": "Ensure least privilege access method for SQL Server is implemented using Role-based access control (RBAC)", 
            "policy": "https://github.com/ey-org/cloudsec-ccm/blob/2f64bb8bca3288577fc7700725649392de89e71e/Baseline%20Requirement%20Library/Azure/Azure%20SQL%20Database%20Runbook.md#9-ensure-least-privilege-access-method-for-sql-server-is-implemented-using-role-based-access-control-rbac", 
            "security_domain": "IAM", 
            "ticket_enabled": "false", 
            "tags": [], 
            "severity": { 
                "cvss_score":"8.3",
                "cvss_severity":"High",
                "cvss_vector": "#CVSS:3.1/AV:A/AC:L/PR:L/UI:R/S:C/C:L/I:H/A:H"                   
            },           
            "control_mapping": ["CS0012298"], 
            "implementations": [] 
        }, 
        { 
            "requirement_name": "Ensure multi-factor authentication is enabled for all privileged user principal of SQL Server", 
            "policy": "https://github.com/ey-org/cloudsec-ccm/blob/2f64bb8bca3288577fc7700725649392de89e71e/Baseline%20Requirement%20Library/Azure/Azure%20SQL%20Database%20Runbook.md#10-ensure-multi-factor-authentication-is-enabled-for-all-privileged-user-principal-of-sql-server",
            "security_domain": "IAM", 
            "ticket_enabled": "false", 
            "tags": [], 
            "severity": { 
                "cvss_score":"6.5",
                "cvss_severity":"Medium",
                "cvss_vector": "#CVSS:3.1/AV:A/AC:L/PR:L/UI:N/S:C/C:L/I:L/A:L"                 
            },           
            "control_mapping": ["CS0012298"], 
            "implementations": [] 
        }, 
        { 
            "requirement_name": "Ensure SQL database secret is vaulted and rotated according to Organization policy", 
            "policy": "https://github.com/ey-org/cloudsec-ccm/blob/2f64bb8bca3288577fc7700725649392de89e71e/Baseline%20Requirement%20Library/Azure/Azure%20SQL%20Database%20Runbook.md#11-ensure-sql-database-secret-is-vaulted-and-rotated-according-to-organization-policy", 
            "security_domain": "IAM", 
            "ticket_enabled": "false", 
            "tags": [], 
            "severity": { 
                "cvss_score":"6.5",
                "cvss_severity":"Medium",
                "cvss_vector": "#CVSS:3.1/AV:A/AC:L/PR:L/UI:N/S:C/C:L/I:L/A:L"                 
            },           
            "control_mapping": ["CS0012298"], 
            "implementations": [] 
        }, 
        { 
            "requirement_name": "Ensure that Azure SQL database access is granted using Azure Active Directory single sign-on (SSO)]", 
            "policy": "https://github.com/ey-org/cloudsec-ccm/blob/2f64bb8bca3288577fc7700725649392de89e71e/Baseline%20Requirement%20Library/Azure/Azure%20SQL%20Database%20Runbook.md#12-ensure-that-azure-sql-database-access-is-granted-using-azure-active-directory-single-sign-on-sso", 
            "security_domain": "IAM", 
            "ticket_enabled": "false", 
            "tags": [], 
            "severity": { 
                "cvss_score":"6.5",
                "cvss_severity":"Medium",
                "cvss_vector": "#CVSS:3.1/AV:A/AC:L/PR:L/UI:N/S:C/C:L/I:L/A:L"                        
            },           
            "control_mapping": ["CS0012298"], 
            "implementations": [] 
        }, 
        { 
            "requirement_name": "Enable Azure activity logging for Azure SQL Server", 
            "policy": "https://github.com/ey-org/cloudsec-ccm/blob/2f64bb8bca3288577fc7700725649392de89e71e/Baseline%20Requirement%20Library/Azure/Azure%20SQL%20Database%20Runbook.md#13-enable-azure-activity-logging-for-azure-sql-server", 
            "security_domain": "Security Logging", 
            "ticket_enabled": "false", 
            "tags": [], 
            "severity": { 
                "cvss_score":"6.6",
                "cvss_severity":"Medium",
                "cvss_vector": "#CVSS:3.1/AV:N/AC:L/PR:H/UI:N/S:C/C:L/I:L/A:L"                   
            },           
            "control_mapping": [""], 
            "implementations": [] 
        }, 
        { 
            "requirement_name": "Ensure that Azure SQL Database uses standard organizational Resource tagging method",
            "policy": "https://github.com/ey-org/cloudsec-ccm/blob/2f64bb8bca3288577fc7700725649392de89e71e/Baseline%20Requirement%20Library/Azure/Azure%20SQL%20Database%20Runbook.md#14-ensure-that-azure-sql-database-uses-standard-organizational-resource-tagging-method",
            "security_domain": "Asset Management", 
            "ticket_enabled": "false", 
            "tags": [], 
            "severity": { 
                "cvss_score":"5.3",
                "cvss_severity":"Medium",
                "cvss_vector": "#CVSS:3.1/AV:L/AC:L/PR:L/UI:N/S:U/C:L/I:L/A:L"                          
            },           
            "control_mapping": [""], 
            "implementations": [] 
        }

    ]
}