{
  "properties": {
    "displayName": "Azure Attestation providers should disable public network access",
    "policyType": "Custom",
    "mode": "Indexed",
    "description": "To improve the security of Azure Attestation Service, ensure that it isn't exposed to the public internet and can only be accessed from a private endpoint. Disable the public network access property as described in aka.ms/azureattestation. This option disables access from any public address space outside the Azure IP range, and denies all logins that match IP or virtual network-based firewall rules. This reduces data leakage risks.",
    "metadata": {
      "version": "1.0.0",
      "category": "Attestation"
    },
    "parameters": {
      "effect": {
        "type": "String",
        "metadata": {
          "displayName": "Effect",
          "description": "Enable or disable the execution of the policy"
        },
        "allowedValues": [
          "Audit",
          "Deny",
          "Disabled"
        ],
        "defaultValue": "Deny"
      }
    },
    "policyRule": {
      "if": {
        "allOf": [
          {
            "field": "type",
            "equals": "Microsoft.Attestation/attestationProviders"
          },
          {
            "field": "Microsoft.Attestation/attestationProviders/publicNetworkAccess",
            "notEquals": "Disabled"
          }
        ]
      },
      "then": {
        "effect": "[parameters('effect')]"
      }
    }
  }
}