{
  "properties": {
    "displayName": "Cognitive Services accounts should restrict network access",
    "policyType": "Custom",
    "mode": "Indexed",
    "metadata": {
      "version": "3.0.0",
      "category": "Cognitive Services"
    },
    "parameters": {
      "effect": {
        "type": "String",
        "metadata": {
          "displayName": "Effect",
          "description": "The effect determines what happens when the policy rule is evaluated to match"
        },
        "allowedValues": [
          "Audit",
          "Deny",
          "Disabled"
        ],
        "defaultValue": "Deny"
      }
    },
    "policyRule": {
      "if": {
        "allOf": [
          {
            "field": "type",
            "equals": "Microsoft.CognitiveServices/accounts"
          },
          {
            "field": "Microsoft.CognitiveServices/accounts/networkAcls.defaultAction",
            "notEquals": "Deny"
          }
        ]
      },
      "then": {
        "effect": "[parameters('effect')]"
      }
    }
  }
}