{
    "input": {
        "name": "AWSCF002-01 Ensure AWS Cloud Formation deletion policy is set",
        "description": "Check that DeletionPolicy attribute is set to retain to ensure that deletion of stack does not cause loss of additional attached resources",
        "targetNativeTypes": [
            "securityGroup"
        ],
        "opaPolicy": "package wiz\n\ndefault result = \"fail\"\n\nresult = \"pass\" {\n   input.Resources.SGroup1.DeletionPolicy = \"Retain\"\n}\n\n\n",
        "severity": "LOW",
        "enabled": false,
        "remediationInstructions": "",
        "scopeAccountIds": [],
        "functionAsControl": false,
        "securitySubCategories": [],
        "iacMatchers": []
    }
}