{
    "properties": {
      "displayName": "Configure Cognitive Services accounts to disable local authentication methods",
      "policyType": "BuiltIn",
      "mode": "Indexed",
      "description": "Disable local authentication methods so that your Cognitive Services accounts require Azure Active Directory identities exclusively for authentication. Learn more at: https://aka.ms/cs/auth.",
      "metadata": {
        "version": "1.0.0",
        "category": "Cognitive Services"
      },
      "version": "1.0.0",
      "parameters": {
        "effect": {
          "type": "String",
          "defaultValue": "Modify",
          "allowedValues": [
            "Modify",
            "Disabled"
          ],
          "metadata": {
            "displayName": "Effect",
            "description": "Enable or disable the execution of the policy"
          }
        }
      },
      "policyRule": {
        "if": {
          "allOf": [
            {
              "field": "type",
              "equals": "Microsoft.CognitiveServices/accounts"
            },
            {
              "field": "Microsoft.CognitiveServices/accounts/disableLocalAuth",
              "notEquals": true
            }
          ]
        },
        "then": {
          "effect": "[parameters('effect')]",
          "details": {
            "roleDefinitionIds": [
              "/providers/microsoft.authorization/roleDefinitions/b24988ac-6180-42a0-ab88-20f7382dd24c"
            ],
            "conflictEffect": "audit",
            "operations": [
              {
                "condition": "[greaterOrEquals(requestContext().apiVersion, '2021-04-30')]",
                "operation": "addOrReplace",
                "field": "Microsoft.CognitiveServices/accounts/disableLocalAuth",
                "value": true
              }
            ]
          }
        }
      }
    }
  }