{
  "$schema": "https://schema.management.azure.com/schemas/2019-04-01/deploymentTemplate.json#",
  "contentVersion": "1.0.0.0",
  "metadata": {
    "description": "ARM to deploy App configuration with publicNetworkAccess Enabled"
  },
  "parameters": {
    "configStoreName": {
      "defaultValue": "test",
      "type": "string",
      "metadata": {
        "description": "Specifies the name of the app configuration store."
      }
    },
    "location": {
      "type": "string",
      "defaultValue": "[resourceGroup().location]",
      "metadata": {
        "description": "Specifies the Azure location where the app configuration store should be created."
      }
    },
    "skuName": {
      "type": "string",
      "defaultValue": "standard",
      "metadata": {
        "description": "Specifies the SKU of the app configuration store."
      }
    }
  },
  "resources": [
    {
      "type": "Microsoft.AppConfiguration/configurationStores",
      "apiVersion": "2023-03-01",
      "name": "[parameters('configStoreName')]",
      "location": "[parameters('location')]",
      "sku": {
        "name": "[parameters('skuName')]"
      },
      "properties": {
        "publicNetworkAccess": "Enabled"
      }
    }
  ]
}