{
    "serviceprovider": "aws",
    "servicerequirement_name": "AWS::IAM::Implementation",
    "serviceDisplayName": "AWS IAM",
    "id": "AWS_IAM_16_1",
    "label": "Ensure IAM policy is not overly permissive to all traffic via condition clause",
    "description": "Ensure IAM policy is not overly permissive to all traffic via condition clause",
    "type": "Detective",
    "implementationProvider": "wiz",
    "wizNativeType": ["inlinePolicy"],
    "link": "Detective-Pipeline/AWS/AWS_IAM/AWS_IAM_16_1.rego",
    "requirementId": ["AWS_IAM_16"]
}