{
    "serviceprovider": "aws",
    "servicerequirement_name": "AWS::IAM::Implementation",
    "serviceDisplayName": "AWS IAM",
    "id": "AWS_IAM_2_1",
    "label": "Ensure no wildcards are specified in IAM policy with Resource section",
    "description": "Ensure no wildcards are specified in IAM policy with \"Resource\" section\n(check for \"Resource\":\"*\" in IAM managed/inline policy)",
    "type": "Detective",
    "implementationProvider": "wiz",
    "wizNativeType": [
        "inlinePolicy"
    ],
    "link": "Detective-Pipeline/AWS/AWS_IAM/AWS_IAM_2_1.rego",
    "requirementId": [
        "AWS_IAM_2"
    ]
}