{
    "serviceprovider": "aws",
    "servicerequirement_name": "AWS::IAM::Implementation",
    "serviceDisplayName": "AWS IAM",
    "id": "AWS_IAM_14_1",
    "label": "Ensure no AWS IAM passwords reuse",
    "description": "Ensure AWS IAM passwords does not allow password reuse (Ensure 12 last passwords can't be used)",
    "type": "Detective",
    "implementationProvider": "wiz",
    "wizNativeType": ["awsIamAccessKey"],
    "link": "Detective-Pipeline/AWS/AWS_IAM/AWS_IAM_14_1.rego",
    "requirementId": ["AWS_IAM_14"]
}