{
    "serviceprovider": "aws",
    "servicerequirement_name": "AWS::IAM::Implementation",
    "serviceDisplayName": "AWS IAM",
    "id": "AWS_IAM_34_1",
    "label": "Ensure IAM access key are regularly rotated. Less than 90 days",
    "description": "Access keys not rotated for 90 days or more should be disabled or removed or rotated.",
    "type": "Detective",
    "implementationProvider": "wiz",
    "wizNativeType": ["awsIamAccessKey"],
    "link": "Detective-Pipeline/AWS/AWS_IAM/AWS_IAM_34_1.rego",
    "requirementId": ["AWS_IAM_34"]
}