{
    "serviceprovider": "aws",
    "servicerequirement_name": "AWS::IAM::Implementation",
    "serviceDisplayName": "AWS IAM",
    "id": "AWS_IAM_24_1",
    "label": "Ensure AWS IAM user with console access or access key but not both",
    "description": "Ensure AWS IAM user have either Console access and Access key but not both.",
    "type": "Detective",
    "implementationProvider": "wiz",
    "wizNativeType": ["user"],
    "link": "Detective-Pipeline/AWS/AWS_IAM/AWS_IAM_24_1.rego",
    "requirementId": ["AWS_IAM_24"]
}