{
    "serviceprovider": "aws",
    "servicerequirement_name": "AWS::IAM::Implementation",
    "serviceDisplayName": "AWS IAM",
    "id": "AWS_IAM_13_1",
    "label": "Ensure access key has been used within 90 days",
    "description": "Access keys unused for 90 days or more should be disabled or removed.",
    "type": "Detective",
    "implementationProvider": "wiz",
    "wizNativeType": ["awsIamAccessKey"],
    "link": "Detective-Pipeline/AWS/AWS_IAM/AWS_IAM_13_1.rego",
    "requirementId": ["AWS_IAM_13"]
}