{
    "properties": {
      "displayName": "Application definition for Managed Application should use customer provided storage account",
      "policyType": "BuiltIn",
      "mode": "Indexed",
      "description": "Use your own storage account to control the application definition data when this is a regulatory or compliance requirement. You can choose to store your managed application definition within a storage account provided by you during creation, so that its location and access can be fully managed by you to fulfill regulatory compliance requirements.",
      "metadata": {
        "version": "1.1.0",
        "category": "Managed Application"
      },
      "version": "1.1.0",
      "parameters": {
        "effect": {
          "type": "String",
          "metadata": {
            "displayName": "Effect",
            "description": "Enable or disable the execution of the policy."
          },
          "allowedValues": [
            "audit",
            "Audit",
            "deny",
            "Deny",
            "disabled",
            "Disabled"
          ],
          "defaultValue": "Audit"
        }
      },
      "policyRule": {
        "if": {
          "allOf": [
            {
              "field": "type",
              "equals": "Microsoft.Solutions/applicationDefinitions"
            },
            {
              "field": "Microsoft.Solutions/applicationDefinitions/storageAccountId",
              "exists": "false"
            }
          ]
        },
        "then": {
          "effect": "[parameters('effect')]"
        }
      }
    }
  }