{
    "serviceprovider": "aws",
    "servicerequirement_name": "AWS::KMS::Implementation",
    "serviceDisplayName": "AWS KMS",
    "id": "AWS_KMS_3_1",
    "label": "Ensure AWS KMS customer managed external key is not expiring in 30 days or less",
    "description": "Ensure AWS KMS customer managed external key is not expiring in 30 days or less",
    "type": "Detective",
    "implementationProvider": "wiz",
    "wizNativeType": ["customKeyStore"],
    "link": "Detective-Pipeline/AWS/AWS_KMS/AWS_KMS_3_1.rego",
    "requirementId": ["AWS_KMS_3"]
}