{ 
    "serviceprovider": "azure", 
    "servicerequirement_name": [ 
        "Azure::Storage_account::*" 
    ], 
    "service_type":"Storage",
    "servicedisplay_name": "Storage Account", 
    "serviceapproval_status": { 
        "Prod": "", 
        "SNP": "", 
        "NP": "" 
    }, 
    "phase": "Service Discovery", 
    "mapping": [ 

        { 
            "requirement_name": " Ensure storage account is Protected using Service Endpoint or Private Endpoint", 
            "policy": "https://github.com/ey-org/cloudsec-ccm/blob/master/Baseline%20Requirement%20Library/Azure/Storage%20Account/Storage%20Account.md#1-ensure-storage-account-is-protected-using-service-endpoint-or-private-endpoint", 
            "security_domain": "Network Security", 
            "ticket_enabled": "false", 
            "tags": [], 
            "severity": { 
                "cvss_score":"High",
                "cvss_severity":"High",
                "cvss_vector": "#CVSS:3.1/AV:N/AC:L/PR:L/UI:N/S:U/C:H/I:H/A:L"                      
            },           
            "control_mapping": ["CS0012300"], 
            "implementations": [] 
        }, 
        { 
            "requirement_name": "Ensure Default Network Access Rule for Storage Accounts is Set to Deny", 
            "policy": "https://github.com/ey-org/cloudsec-ccm/blob/master/Baseline%20Requirement%20Library/Azure/Storage%20Account/Storage%20Account.md#2-ensure-default-network-access-rule-for-storage-accounts-is-set-to-deny", 
            "security_domain": "Network Security", 
            "ticket_enabled": "false", 
            "tags": [], 
            "severity": { 
                "cvss_score":"High",
                "cvss_severity":"High",
                "cvss_vector": "#CVSS:3.1/AV:N/AC:L/PR:L/UI:N/S:U/C:H/I:H/A:L"                        
            },           
            "control_mapping": ["CS0012300"], 
            "implementations": [] 
        }, 
        { 
            "requirement_name": "Ensure 'Trusted Microsoft Services' are Enabled for Storage Account Access", 
            "policy": "https://github.com/ey-org/cloudsec-ccm/blob/master/Baseline%20Requirement%20Library/Azure/Storage%20Account/Storage%20Account.md#3-ensure-trusted-microsoft-services-are-enabled-for-storage-account-access", 
            "security_domain": "Network Security", 
            "ticket_enabled": "false", 
            "tags": [], 
            "severity": { 
                "cvss_score":"Medium",
                "cvss_severity":"Medium",
                "cvss_vector": "#CVSS:3.1/AV:P/AC:H/PR:H/UI:R/S:C/C:L/I:L/A:L"                      
            },           
            "control_mapping": ["CS0012300"], 
            "implementations": [] 
        }, 
        { 
            "requirement_name": "Ensure that 'Public access level' is set to Private for blob containers", 
            "policy": "https://github.com/ey-org/cloudsec-ccm/blob/master/Baseline%20Requirement%20Library/Azure/Storage%20Account/Storage%20Account.md#4-ensure-that-public-access-level-is-set-to-private-for-blob-containers",
            "security_domain": "Network Security", 
            "ticket_enabled": "false", 
            "tags": [], 
            "severity": { 
                "cvss_score":"High",
                "cvss_severity":"High",
                "cvss_vector": "#CVSS:3.1/AV:N/AC:L/PR:L/UI:N/S:U/C:H/I:H/A:L"                         
            },           
            "control_mapping": ["CS0012300"], 
            "implementations": [] 
        }, 
        { 
            "requirement_name": "Ensure storage account network traffic is logged using Network watcher", 
            "policy": "https://github.com/ey-org/cloudsec-ccm/blob/master/Baseline%20Requirement%20Library/Azure/Storage%20Account/Storage%20Account.md#5-ensure-storage-account-network-traffic-is-logged-using-network-watcher", 
            "security_domain": "Security Logging", 
            "ticket_enabled": "false", 
            "tags": [], 
            "severity": { 
                "cvss_score":"Medium",
                "cvss_severity":"Medium",
                "cvss_vector": "#CVSS:3.1/AV:P/AC:H/PR:H/UI:R/S:U/C:H/I:H/A:H"                      
            },           
            "control_mapping": [""], 
            "implementations": [] 
        }, 
        { 
            "requirement_name": "Ensure Diagnostic logs are enabled for storage account", 
            "policy": "https://github.com/ey-org/cloudsec-ccm/blob/master/Baseline%20Requirement%20Library/Azure/Storage%20Account/Storage%20Account.md#6-ensure-diagnostic-logs-are-enabled-for-storage-account", 
            "security_domain": "Security Logging", 
            "ticket_enabled": "false", 
            "tags": [], 
            "severity": { 
                "cvss_score":"Medium",
                "cvss_severity":"Medium",
                "cvss_vector": "#CVSS:3.1/AV:P/AC:H/PR:H/UI:R/S:U/C:H/I:H/A:H"                       
            },           
            "control_mapping": [""], 
            "implementations": [] 
        }, 
        { 
            "requirement_name": "Ensure activity logs are enabled for storage account", 
            "policy": "https://github.com/ey-org/cloudsec-ccm/blob/master/Baseline%20Requirement%20Library/Azure/Storage%20Account/Storage%20Account.md#7-ensure-activity-logs-are-enabled-for-storage-account", 
            "security_domain": "Security Logging", 
            "ticket_enabled": "false", 
            "tags": [], 
            "severity": { 
                "cvss_score":"Medium",
                "cvss_severity":"Medium",
                "cvss_vector": "#CVSS:3.1/AV:P/AC:H/PR:L/UI:R/S:U/C:H/I:H/A:H"                      
            },           
            "control_mapping": [""], 
            "implementations": [] 
        }, 
        { 
            "requirement_name": "Ensure that least privilege access method is implemented using Role-based access control (RBAC)", 
            "policy": "https://github.com/ey-org/cloudsec-ccm/blob/master/Baseline%20Requirement%20Library/Azure/Storage%20Account/Storage%20Account.md#8-ensure-that-least-privilege-access-method-is-implemented-using-role-based-access-control-rbac",
            "security_domain": "IAM", 
            "ticket_enabled": "false", 
            "tags": [], 
            "severity": { 
                "cvss_score":"Medium",
                "cvss_severity":"Medium",
                "cvss_vector": "#CVSS:3.1/AV:A/AC:H/PR:L/UI:R/S:U/C:L/I:H/A:H"                      
            },           
            "control_mapping": ["CS0012298"], 
            "implementations": [] 
        }, 

        { 
            "requirement_name": "Ensure that storage account access is granted using Azure Active Directory single sign-on (SSO)", 
            "policy": "https://github.com/ey-org/cloudsec-ccm/blob/master/Baseline%20Requirement%20Library/Azure/Storage%20Account/Storage%20Account.md#9-ensure-that-storage-account-access-is-granted-using-azure-active-directory-single-sign-on-sso", 
            "security_domain": "IAM", 
            "ticket_enabled": "false", 
            "tags": [], 
            "severity": { 
                "cvss_score":"Low",
                "cvss_severity":"Low",
                "cvss_vector": "#CVSS:3.1/AV:L/AC:H/PR:H/UI:R/S:U/C:L/I:L/A:L"                      
            },           
            "control_mapping": ["CS0012298"], 
            "implementations": [] 
        }, 
        { 
            "requirement_name": "Ensure multi-factor authentication are enabled for all privileged user principal with in Storage account", 
            "policy": "https://github.com/ey-org/cloudsec-ccm/blob/master/Baseline%20Requirement%20Library/Azure/Storage%20Account/Storage%20Account.md#10-ensure-multi-factor-authentication-are-enabled-for-all-privileged-user-principal-with-in-storage-account", 
            "security_domain": "IAM", 
            "ticket_enabled": "false", 
            "tags": [], 
            "severity": { 
                "cvss_score":"High",
                "cvss_severity":"High",
                "cvss_vector": "#CVSS:3.1/AV:A/AC:L/PR:L/UI:N/S:C/C:H/I:H/A:L"                      
            },           
            "control_mapping": ["CS0012298"], 
            "implementations": [] 
        }, 
        { 
            "requirement_name": "Ensure that 'Secure transfer required' is set to 'Enabled'", 
            "policy": "https://github.com/ey-org/cloudsec-ccm/blob/master/Baseline%20Requirement%20Library/Azure/Storage%20Account/Storage%20Account.md#11-ensure-that-secure-transfer-required-is-set-to-enabled", 
            "security_domain": "Data Protection", 
            "ticket_enabled": "false", 
            "tags": [], 
            "severity": { 
                "cvss_score":"Medium",
                "cvss_severity":"Medium",
                "cvss_vector": "#CVSS:3.1/AV:A/AC:H/PR:L/UI:N/S:U/C:H/I:H/A:L"                      
            },           
            "control_mapping": ["CS0012261"], 
            "implementations": [] 
        }, 
        { 
            "requirement_name": "Ensure Storage for Critical Data are Encrypted with Customer Managed Keys", 
            "policy": "https://github.com/ey-org/cloudsec-ccm/blob/master/Baseline%20Requirement%20Library/Azure/Storage%20Account/Storage%20Account.md#12-ensure-storage-for-critical-data-are-encrypted-with-customer-managed-keys",
            "security_domain": "Data Protection", 
            "ticket_enabled": "false", 
            "tags": [], 
            "severity": { 
                "cvss_score":"High",
                "cvss_severity":"High",
                "cvss_vector": "#CVSS:3.1/AV:A/AC:L/PR:H/UI:N/S:C/C:H/I:H/A:L"                      
            },           
            "control_mapping": ["CS0012168"], 
            "implementations": [] 
        }, 
        { 
            "requirement_name": "Ensure That Storage Account Access Keys are Periodically Regenerated", 
            "policy": "https://github.com/ey-org/cloudsec-ccm/blob/master/Baseline%20Requirement%20Library/Azure/Storage%20Account/Storage%20Account.md#13-ensure-that-storage-account-access-keys-are-periodically-regenerated", 
            "security_domain": "Data Protection", 
            "ticket_enabled": "false", 
            "tags": [], 
            "severity": { 
                "cvss_score":"High",
                "cvss_severity":"High",
                "cvss_vector": "#CVSS:3.1/AV:A/AC:L/PR:H/UI:N/S:C/C:H/I:H/A:L"                      
            },           
            "control_mapping": ["CS0012168"], 
            "implementations": [] 
        }, 
        { 
            "requirement_name": "Ensure that Shared Access Signature Tokens Expire Within an Hour", 
            "policy": "https://github.com/ey-org/cloudsec-ccm/blob/master/Baseline%20Requirement%20Library/Azure/Storage%20Account/Storage%20Account.md#14-ensure-that-shared-access-signature-tokens-expire-within-an-hour", 
            "security_domain": "Data Protection", 
            "ticket_enabled": "false", 
            "tags": [], 
            "severity": { 
                "cvss_score":"Medium",
                "cvss_severity":"Medium",
                "cvss_vector": "#CVSS:3.1/AV:A/AC:L/PR:L/UI:N/S:C/C:L/I:L/A:L"                      
            },           
            "control_mapping": ["CS0012168"], 
            "implementations": [] 
        }, 
        { 
            "requirement_name": "Ensure Soft Delete is Enabled for Azure Storage", 
            "policy": "https://github.com/ey-org/cloudsec-ccm/blob/master/Baseline%20Requirement%20Library/Azure/Storage%20Account/Storage%20Account.md#15-ensure-soft-delete-is-enabled-for-azure-storage",
            "security_domain": "Data Protection", 
            "ticket_enabled": "false", 
            "tags": [], 
            "severity": { 
                "cvss_score":"Medium",
                "cvss_severity":"Medium",
                "cvss_vector": "#CVSS:3.1/AV:A/AC:L/PR:L/UI:N/S:U/C:L/I:L/A:L"                      
            },           
            "control_mapping": [""], 
            "implementations": [] 
        }, 
        { 
            "requirement_name": "Ensure that storage account uses standard organizational Resource tagging method",
            "security_domain": "Data Protection", 
            "ticket_enabled": "false", 
            "tags": [], 
            "severity": { 
                "cvss_score":"Low",
                "cvss_severity":"Low",
                "cvss_vector": "#CVSS:3.1/AV:L/AC:L/PR:L/UI:N/S:U/C:L/I:N/A:N"                      
            },           
            "control_mapping": [""], 
            "implementations": [] 
        }       
    ]
}
