{
    "Version": "2012-10-17",
    "Statement": [
        {
            "Action": [
                "ec2:DescribeSecurityGroups",
                "ec2:DescribeSecurityGroupReferences",
                "ec2:DescribeStaleSecurityGroups",
                "ec2:DescribeVpcs",
                "ec2:DescribeVPCAttribute",
                "ec2:DescribeRouteTables",
                "ec2:CreateVpc",
                "ec2:AssociateVpcCidrBlock"
            ],
            "Principal": "arn:aws:iam::account_id:user/user_name",
            "Resource": [
                "arn:aws:ec2:*:*:vpc/*"
            ],
            "Effect": "Allow",
            "Condition": {
                "ArnEquals": {
                    "aws:PrincipalArn": "arn:aws:iam::account_id:user/user_name"
                }
            }
        }
    ]
}
