{
    "Version": "2012-10-17",
    "Statement": [
        {
            "Action": "sts:AssumeRole",
            "Effect": "Allow",
            "Sid": "mwaa",
            "Principal": {
                "Service": [
                    "airflow-env.amazonaws.com",
                    "airflow.amazonaws.com"
                ]
            }
        },
        {
            "Action": [
                "s3:GetObject*",
                "s3:GetBucket*",
                "s3:List*"
            ],
            "Resource": [
                "${s3_bucket_arn}",
                "${s3_bucket_arn}/*"
              ]
            
        },
        {
            "Effect": "Allow",
            "Action": [
                "logs:CreateLogStream",
                "logs:CreateLogGroup",
                "logs:PutLogEvents",
                "logs:GetLogEvents",
                "logs:GetLogRecords",
                "logs:GetLogGroupFields",
                "logs:GetQueryResults"
            ],
            "Resource": [
                "arn:aws:logs:${var.aws_region}:${data.aws_caller_identity.current.account_id}:log-group:${var.log-group_name}"
              ]

        }

    ]
}
