{
    "properties": {
      "displayName": "Configure Service Bus namespaces with private endpoints",
      "description": "Private endpoints connect your virtual network to Azure services without a public IP address at the source or destination. By mapping private endpoints to Service Bus namespaces, you can reduce data leakage risks. Learn more at: https://docs.microsoft.com/azure/service-bus-messaging/private-link-service.",
      "metadata": {
        "version": "1.0.0",
        "category": "Service Bus"
      },
      "version": "1.0.0",
      "policyType": "BuiltIn",
      "mode": "Indexed",
      "parameters": {
        "privateEndpointSubnetId": {
          "type": "String",
          "metadata": {
            "displayName": "Private endpoint subnet id",
            "description": "Specifies the subnet to use to configure private endpoint",
            "strongType": "Microsoft.Network/virtualNetworks/subnets"
          }
        },
        "effect": {
          "type": "String",
          "metadata": {
            "displayName": "Effect",
            "description": "Enable or disable the execution of the policy"
          },
          "allowedValues": [
            "DeployIfNotExists",
            "Disabled"
          ],
          "defaultValue": "DeployIfNotExists"
        }
      },
      "policyRule": {
        "if": {
          "allOf": [
            {
              "field": "type",
              "equals": "Microsoft.ServiceBus/namespaces"
            },
            {
              "field": "Microsoft.ServiceBus/namespaces/sku.tier",
              "equals": "Premium"
            }
          ]
        },
        "then": {
          "effect": "[parameters('effect')]",
          "details": {
            "type": "Microsoft.ServiceBus/namespaces/privateEndpointConnections",
            "existenceCondition": {
              "field": "Microsoft.ServiceBus/namespaces/privateEndpointConnections/privateLinkServiceConnectionState.status",
              "equals": "Approved"
            },
            "roleDefinitionIds": [
              "/providers/Microsoft.Authorization/roleDefinitions/4d97b98b-1d4f-4787-a291-c67834d212e7",
              "/providers/Microsoft.Authorization/roleDefinitions/090c5cfd-751d-490a-894a-3ce6f1109419"
            ],
            "deployment": {
              "properties": {
                "mode": "incremental",
                "parameters": {
                  "name": {
                    "value": "[field('name')]"
                  },
                  "serviceId": {
                    "value": "[field('id')]"
                  },
                  "privateEndpointSubnetId": {
                    "value": "[parameters('privateEndpointSubnetId')]"
                  }
                },
                "template": {
                  "$schema": "https://schema.management.azure.com/schemas/2019-04-01/deploymentTemplate.json#",
                  "contentVersion": "1.0.0.0",
                  "parameters": {
                    "name": {
                      "type": "string"
                    },
                    "serviceId": {
                      "type": "string"
                    },
                    "privateEndpointSubnetId": {
                      "type": "string"
                    }
                  },
                  "variables": {
                    "privateEndpointName": "[concat('pe-',substring(parameters('name'),0,min(length(parameters('name')),50)),'-',uniquestring(deployment().name))]"
                  },
                  "resources": [
                    {
                      "type": "Microsoft.Resources/deployments",
                      "name": "[variables('privateEndpointName')]",
                      "apiVersion": "2020-06-01",
                      "properties": {
                        "mode": "Incremental",
                        "expressionEvaluationOptions": {
                          "scope": "inner"
                        },
                        "template": {
                          "$schema": "https://schema.management.azure.com/schemas/2019-04-01/deploymentTemplate.json#",
                          "contentVersion": "1.0.0.0",
                          "parameters": {
                            "serviceId": {
                              "type": "string"
                            },
                            "privateEndpointSubnetId": {
                              "type": "string"
                            },
                            "subnetLocation": {
                              "type": "string"
                            }
                          },
                          "variables": {
                            "privateEndpointName": "[deployment().name]"
                          },
                          "resources": [
                            {
                              "name": "[variables('privateEndpointName')]",
                              "type": "Microsoft.Network/privateEndpoints",
                              "apiVersion": "2020-07-01",
                              "location": "[parameters('subnetLocation')]",
                              "tags": {},
                              "properties": {
                                "subnet": {
                                  "id": "[parameters('privateEndpointSubnetId')]"
                                },
                                "privateLinkServiceConnections": [
                                  {
                                    "name": "[variables('privateEndpointName')]",
                                    "properties": {
                                      "privateLinkServiceId": "[parameters('serviceId')]",
                                      "groupIds": [
                                        "namespace"
                                      ],
                                      "requestMessage": "autoapprove"
                                    }
                                  }
                                ],
                                "manualPrivateLinkServiceConnections": []
                              }
                            }
                          ]
                        },
                        "parameters": {
                          "serviceId": {
                            "value": "[parameters('serviceId')]"
                          },
                          "privateEndpointSubnetId": {
                            "value": "[parameters('privateEndpointSubnetId')]"
                          },
                          "subnetLocation": {
                            "value": "[reference(first(take(split(parameters('privateEndpointSubnetId'),'/subnets'),1)),'2020-07-01','Full').location]"
                          }
                        }
                      }
                    }
                  ]
                }
              }
            }
          }
        }
      }
    }
  }