{
    "properties": {
      "displayName": "Azure Service Bus namespaces should use private link",
      "description": "Azure Private Link lets you connect your virtual network to Azure services without a public IP address at the source or destination. The Private Link platform handles the connectivity between the consumer and services over the Azure backbone network. By mapping private endpoints to Service Bus namespaces, data leakage risks are reduced. Learn more at: https://docs.microsoft.com/azure/service-bus-messaging/private-link-service.",
      "metadata": {
        "version": "1.0.0",
        "category": "Service Bus"
      },
      "version": "1.0.0",
      "policyType": "BuiltIn",
      "mode": "Indexed",
      "parameters": {
        "effect": {
          "type": "String",
          "metadata": {
            "displayName": "Effect",
            "description": "Enable or disable the execution of the policy"
          },
          "allowedValues": [
            "AuditIfNotExists",
            "Disabled"
          ],
          "defaultValue": "AuditIfNotExists"
        }
      },
      "policyRule": {
        "if": {
          "allOf": [
            {
              "field": "type",
              "equals": "Microsoft.ServiceBus/namespaces"
            },
            {
              "field": "Microsoft.ServiceBus/namespaces/sku.tier",
              "equals": "Premium"
            }
          ]
        },
        "then": {
          "effect": "[parameters('effect')]",
          "details": {
            "type": "Microsoft.ServiceBus/namespaces/privateEndpointConnections",
            "existenceCondition": {
              "field": "Microsoft.ServiceBus/namespaces/privateEndpointConnections/privateLinkServiceConnectionState.status",
              "equals": "Approved"
            }
          }
        }
      }
    }
  }