{
    "Version": "2012-10-17",
    "Statement": [
        {
            "Effect": "Allow",
            "Action": [
                "ses:SendEmail",
                "ses:SendRawEmail"
            ],
            "Resource": "*",
            "Condition": {
                "ForAllValues:StringLike": {
                    "ses:Recipients": [
                        "${ses_Recipients}"
                    ]
                }
            }
        },
        {
            "Version": "2012-10-17",
            "Statement": [
                {
                    "Effect": "Allow",
                    "Action": [
                        "ses:SendEmail",
                        "ses:SendRawEmail"
                    ],
                    "Resource": "*",
                    "Condition": {
                        "StringEquals": {
                            "ses:FromAddress": "${ses_fromAddress}"
                        }
                    }
                }
            ]
        },
        {
            "Version": "2012-10-17",
            "Statement": [
                {
                    "Effect": "Allow",
                    "Action": [
                        "ses:SendEmail",
                        "ses:SendRawEmail"
                    ],
                    "Resource": "*",
                    "Condition": {
                        "StringLike": {
                            "ses:FromDisplayName": "${ses_FromDisplayName}"
                        }
                    }
                }
            ]
        }
    ]
}