{
    "serviceprovider": "azure",
    "servicerequirement_name": "Azure::Databricks::Implementation",
    "serviceDisplayName": "AWS Databricks",
    "id": "AWS_Databricks_8_1",
    "label": "Ensure Azure Databricks uses standard organizational resource tagging method",
    "description": "Technology hardware and software must be registered and accurately recorded within the enterprise technology repository and/or asset management systems.",
    "type": "Detective",
    "implementationProvider": "wiz",
    "wizNativeType": [
        ""
    ],
    "link": "link to terrform line/comment where requirement is implemented",
    "requirementId": [
        "Azure_Databricks_8"
    ]
  }