{
    "serviceprovider": "azure",
    "servicerequirement_name": "Azure::Databricks::Implementation",
    "serviceDisplayName": "AWS Databricks",
    "id": "AWS_Databricks_7_1",
    "label": "Ensure Azure Databricks is securely communicating with Azure Data Services via Private Link endpoints",
    "description": "This control checks whether the communication between Azure Databricks and Azure Data Services goes over Azure network backbone with default data exfiltration protection in place.",
    "type": "Detective",
    "implementationProvider": "wiz",
    "wizNativeType": [
        ""
    ],
    "link": "link to terrform line/comment where requirement is implemented",
    "requirementId": [
        "Azure_Databricks_7"
    ]
  }