{
  "properties": {
    "displayName": "Azure Key Vault should disable public network access",
    "policyType": "BuiltIn",
    "mode": "Indexed",
    "description": "Disable public network access for your key vault so that it's not accessible over the public internet. This can reduce data leakage risks. Learn more at: https://aka.ms/akvprivatelink.",
    "metadata": {
      "version": "1.1.0",
      "category": "Key Vault"
    },
    "version": "1.1.0",
    "parameters": {
      "effect": {
        "type": "String",
        "metadata": {
          "displayName": "Effect",
          "description": "Enable or disable the execution of the policy"
        },
        "allowedValues": [
          "Audit",
          "Deny",
          "Disabled"
        ],
        "defaultValue": "Audit"
      }
    },
    "policyRule": {
      "if": {
        "allOf": [
          {
            "field": "type",
            "equals": "Microsoft.KeyVault/vaults"
          },
          {
            "not": {
              "field": "Microsoft.KeyVault/vaults/createMode",
              "equals": "recover"
            }
          },
          {
            "anyOf": [
              {
                "value": "[requestContext().apiVersion]",
                "less": "2021-06-01-preview"
              },
              {
                "allOf": [
                  {
                    "value": "[requestContext().apiVersion]",
                    "greaterOrEquals": "2021-06-01-preview"
                  },
                  {
                    "field": "Microsoft.KeyVault/vaults/publicNetworkAccess",
                    "notEquals": "Disabled"
                  }
                ]
              }
            ]
          }
        ]
      },
      "then": {
        "effect": "[parameters('effect')]"
      }
    }
  }
}