{ 
    "serviceprovider": "aws", 
    "servicerequirement_name": [ 
        "AWS::lakeformation::*" 
    ], 
    "service_type":"Data Lake And Analytics",
    "servicedisplay_name": "AWS Lake Formation", 
    "serviceapproval_status": { 
        "Prod": "approved", 
        "SNP": "approved", 
        "NP": "approved" 
    }, 
    "phase": "Service Discovery", 
    "mapping": [ 

        { 
            "requirement_name": "Ensure to establish fine grained access controls", 
            "policy": "", 
            "security_domain": "IAM", 
            "ticket_enabled": "false", 
            "tags": [], 
            "severity": { 
                "cvss_score":"8.2",
                "cvss_severity":"High",
                "cvss_vector": "#CVSS:3.1/AV:A/AC:L/PR:L/UI:N/S:C/C:H/I:L/A:L"                      
            },           
            "control_mapping": ["CS0012298"], 
            "implementations": [] 
        }, 
        { 
            "requirement_name": "Ensure AWS Glue Data Catalog is encrypted using organization's managed key", 
            "policy": "", 
            "security_domain": "Data Protection", 
            "ticket_enabled": "false", 
            "tags": [], 
            "severity": { 
                "cvss_score":"6.3",
                "cvss_severity":"Medium",
                "cvss_vector": "#CVSS:3.1/AV:N/AC:L/PR:L/UI:N/S:U/C:L/I:L/A:L"                      
            },           
            "control_mapping": ["CS0012168"], 
            "implementations": [] 
        }, 
        { 
            "requirement_name": "Ensure default permissions for newly created databases and tables are set to be disabled", 
            "policy": "", 
            "security_domain": "IAM", 
            "ticket_enabled": "false", 
            "tags": [], 
            "severity": { 
                "cvss_score":"5.4",
                "cvss_severity":"Medium",
                "cvss_vector": "#CVSS:3.1/AV:A/AC:L/PR:H/UI:R/S:U/C:H/I:L/A:L"                      
            },           
            "control_mapping": ["CS0012298"], 
            "implementations": [] 
        }, 
        { 
            "requirement_name": "Ensure 'Super' right is not associated with 'IAMAllowedPrincipals' on Glue Catalog Table and Database", 
            "policy": "", 
            "security_domain": "IAM", 
            "ticket_enabled": "false", 
            "tags": [], 
            "severity": { 
                "cvss_score":"8.2",
                "cvss_severity":"High",
                "cvss_vector": "#CVSS:3.1/AV:A/AC:L/PR:L/UI:N/S:C/C:H/I:L/A:L"                      
            },           
            "control_mapping": ["CS0012298"], 
            "implementations": [] 
        }, 
        { 
            "requirement_name": "Ensure lake formation is communicating with services inside VPC via VPC end-point", 
            "policy": "", 
            "security_domain": "Network Security", 
            "ticket_enabled": "false", 
            "tags": [], 
            "severity": { 
                "cvss_score":"4.9",
                "cvss_severity":"Medium",
                "cvss_vector": "#CVSS:3.1/AV:N/AC:H/PR:L/UI:N/S:C/C:L/I:L/A:N"                      
            },           
            "control_mapping": ["CS0012300"], 
            "implementations": [] 
        }, 
        { 
            "requirement_name": "Ensure to prevent cross-service confused deputy problem", 
            "policy": "", 
            "security_domain": "IAM", 
            "ticket_enabled": "false", 
            "tags": [], 
            "severity": { 
                "cvss_score":"3.6",
                "cvss_severity":"Low",
                "cvss_vector": "#CVSS:3.1/AV:L/AC:H/PR:L/UI:N/S:U/C:L/I:L/A:N"                      
            },           
            "control_mapping": ["CS0012298"], 
            "implementations": [] 
        }, 
        { 
            "requirement_name": "Ensure AWS IAM permission on AWS KMS key is only granted to the trusted-list of principals who are identified to grant Lake Formation permissions on Data Catalog resources", 
            "policy": "", 
            "security_domain": "IAM", 
            "ticket_enabled": "false", 
            "tags": [], 
            "severity": { 
                "cvss_score":"4.3",
                "cvss_severity":"Medium",
                "cvss_vector": "#CVSS:3.1/AV:A/AC:H/PR:L/UI:R/S:U/C:L/I:L/A:L"                      
            },           
            "control_mapping": ["CS0012298"], 
            "implementations": [] 
        }, 
        { 
            "requirement_name": "Ensure CloudTrail logging is enabled for AWS lake formation", 
            "policy": "", 
            "security_domain": "Security Logging", 
            "ticket_enabled": "false", 
            "tags": [], 
            "severity": { 
                "cvss_score":"4.3",
                "cvss_severity":"Medium",
                "cvss_vector": "#CVSS:3.1/AV:P/AC:H/PR:H/UI:R/S:C/C:L/I:L/A:L"                      
            },           
            "control_mapping": ["CS0012233"], 
            "implementations": [] 
        }, 
        { 
            "requirement_name": "Ensure resource tagging is added to AWS lake formation", 
            "policy": "", 
            "security_domain": "Asset Management", 
            "ticket_enabled": "false", 
            "tags": [], 
            "severity": { 
                "cvss_score":"3.4",
                "cvss_severity":"Low",
                "cvss_vector": "#CVSS:3.1/AV:L/AC:L/PR:H/UI:N/S:U/C:N/I:L/A:L"                      
            },           
            "control_mapping": ["CS0012128"], 
            "implementations": [] 
        }
    ]
}