{
  "serviceprovider": "azure",
  "servicerequirement_name": "Azure::VDI::Implementation",
  "serviceDisplayName": "AWS VDI",
  "id": "AWS_VDI_3_1",
  "label": "Ensure only organization approved Virtual Desktop images are used for deployment from Azure Compute Gallery",
  "description": "Organization approved virtual desktop images are the Azure Resource Manager templates of the Virtual Machines which are customized and configured to meet the organization and compliance policies. New instances of the virtual desktop must be deployed only using these approved images promoting the uniformity and secured design. Patch updates and maintenance will be done to this approved VM Images by Infrastructure team.",
  "type": "Detective",
  "implementationProvider": "wiz",
  "wizNativeType": [
      ""
  ],
  "link": "link to terrform line/comment where requirement is implemented",
  "requirementId": [
      "Azure_VDI_3"
  ]
}