{
  "serviceprovider": "azure",
  "servicerequirement_name": "Azure::VDI::Implementation",
  "serviceDisplayName": "AWS VDI",
  "id": "AWS_VDI_13_1",
  "label": "Ensure Activity logging is enabled for Azure Container Instance",
  "description": "Information System must create a log and record activities occurring on or originating from the information system. Logs must be made accessible to the enterprise SIEM solution.",
  "type": "Detective",
  "implementationProvider": "wiz",
  "wizNativeType": [
      ""
  ],
  "link": "link to terrform line/comment where requirement is implemented",
  "requirementId": [
      "Azure_VDI_13"
  ]
}