{
  "serviceprovider": "azure",
  "servicerequirement_name": "Azure::VDI::Implementation",
  "serviceDisplayName": "AWS VDI",
  "id": "AWS_VDI_5_1",
  "label": "Ensure Diagnostic logs for 'Checkpoint' and 'Error' are enabled and are forwarded to Splunk",
  "description": "The event log contains information about the api objects which include Checkpoint,Error,Management,Connection HostRegistration,AgentHealthStatus,NetworkData and SessionHostManagement. These logs when forwarded to Splunk provide necessary information to create notable alerts for any rule created to allow connection from internet.",
  "type": "Detective",
  "implementationProvider": "wiz",
  "wizNativeType": [
      ""
  ],
  "link": "link to terrform line/comment where requirement is implemented",
  "requirementId": [
      "Azure_VDI_5"
  ]
}