{
  "serviceprovider": "azure",
  "servicerequirement_name": "Azure::VDI::Implementation",
  "serviceDisplayName": "AWS VDI",
  "id": "AWS_VDI_4_1",
  "label": "Ensure Trusted Launch is enabled for Azure Virtual desktop",
  "description": "Trusted launch must be enabled when launching the Azure virtual desktop to protect against advanced and persistent attack techniques. Trusted launch is composed of several, coordinated infrastructure technologies that can be enabled independently to deploy virtual machines securely with verified boot loaders, OS kernels, and drivers and securely protect keys, certificates, and secrets in the virtual machines and to gain insights and confidence of the entire boot chain’s integrity.",
  "type": "Detective",
  "implementationProvider": "wiz",
  "wizNativeType": [
      ""
  ],
  "link": "link to terrform line/comment where requirement is implemented",
  "requirementId": [
      "Azure_VDI_4"
  ]
}