{
  "serviceprovider": "azure",
  "servicerequirement_name": "Azure::VDI::Implementation",
  "serviceDisplayName": "AWS VDI",
  "id": "AWS_VDI_1_1",
  "label": "Ensure Azure Virtual Desktop is secured using virtual networks",
  "description": "Azure Virtual network securely enables the communication of Azure resources with the internet and on-premises resources through organization data center using spoke-hub network model. Security tools in data center will filtering inbound and outbound network traffic based on use case.",
  "type": "Detective",
  "implementationProvider": "wiz",
  "wizNativeType": [
      ""
  ],
  "link": "link to terrform line/comment where requirement is implemented",
  "requirementId": [
      "Azure_VDI_1"
  ]
}