{
  "serviceprovider": "azure",
  "servicerequirement_name": "Azure::VDI::Implementation",
  "serviceDisplayName": "AWS VDI",
  "id": "AWS_VDI_6_1",
  "label": "Ensure Azure Virtual Desktop use standard organizational Resource tagging method",
  "description": "Technology hardware and software must be registered and accurately recorded within the enterprise technology repository and/or asset management systems",
  "type": "Detective",
  "implementationProvider": "wiz",
  "wizNativeType": [
      ""
  ],
  "link": "link to terrform line/comment where requirement is implemented",
  "requirementId": [
      "Azure_VDI_6"
  ]
}