{
    "serviceprovider": "aws",
    "servicerequirement_name": "AWS::S3::Implementation",
    "serviceDisplayName": "AWS S3",
    "id": "AWS_S3_4_1",
    "label": "Ensure MFA Delete feature is enabled on S3 Bucket",
    "description": "MFA delete feature on S3 buckets will prevent accidental bucket deletions by requiring the user who initiates the delete action to prove physical possession of an MFA device with an MFA code. During ransomware incident, it will ensure that an attacker cannot delete backup copy of the data and provide opportunity to restore critical information.",
    "type": "Detective",
    "implementationProvider": "wiz",
    "wizNativeType": [
        "bucket"
    ],
    "link": "Detective-Pipeline/AWS/AWS_S3/AWS_S3_4_1.rego",
    "requirementId": [
        "AWS_S3_4"
    ]
}