{
    "serviceprovider": "aws",
    "servicerequirement_name": "AWS::S3::Implementation",
    "serviceDisplayName": "AWS S3",
    "id": "AWS_S3_1_1",
    "label": "Ensure AWS S3 buckets are not granting FULL_CONTROL access to authenticated users (least privilege access)",
    "description": "An S3 bucket that allows full control access to authenticated users will give any AWS account or IAM user the ability to LIST (READ) objects, UPLOAD/DELETE (WRITE) objects, VIEW (READ_ACP) objects permissions and EDIT (WRITE_ACP) permissions for the objects within the bucket.",
    "type": "Detective",
    "implementationProvider": "wiz",
    "wizNativeType": [
        "bucket"
    ],
    "link": "Detective-Pipeline/AWS/AWS_S3/AWS_S3_1_1.rego",
    "requirementId": [
        "AWS_S3_1"
    ]
}