{
    "serviceprovider": "aws",
    "servicerequirement_name": "AWS::S3::Implementation",
    "serviceDisplayName": "AWS S3",
    "id": "AWS_S3_11_1",
    "label": "Ensure S3 buckets do not allow unknown cross-account access via bucket policy",
    "description": "Allowing untrustworthy cross account access to S3 buckets via bucket policies can lead to unauthorized actions such as viewing, uploading, modifying or deleting S3 objects. To prevent S3 data exposure, data loss grant access only to trusted account.",
    "type": "Detective",
    "implementationProvider": "wiz",
    "wizNativeType": [
        "s3AccessPoint"
    ],
    "link": "Detective-Pipeline/AWS/AWS_S3/AWS_S3_11_1.rego",
    "requirementId": [
        "AWS_S3_11"
    ]
}