{
    "serviceprovider": "aws",
    "servicerequirement_name": "AWS::S3::Implementation",
    "serviceDisplayName": "AWS S3",
    "id": "AWS_S3_9_1",
    "label": "Ensure AWS s3 bucket have server Access Logging enabled to track access request",
    "description": "Server Access Logging feature allows ability to audit access request to S3 buckets. These audit logs will be used by security monitoring team to create security for any potential unauthorized activity.",
    "type": "Detective",
    "implementationProvider": "wiz",
    "wizNativeType": [
        "bucketACL"
    ],
    "link": "Detective-Pipeline/AWS/AWS_S3/AWS_S3_9_1.rego",
    "requirementId": [
        "AWS_S3_9"
    ]
}