{
    "serviceprovider": "aws",
    "servicerequirement_name": "AWS::S3::Implementation",
    "serviceDisplayName": "AWS S3",
    "id": "AWS_S3_12_1",
    "label": "Ensure S3 buckets backup strategies are complaint with Organization standards",
    "description": "Incorporating backups into S3 bucket increases the resilience, and reliability of the data being used. Backups protect from unintended failures or events. In S3 'S3 Versioning' and 'S3 Cross-Region Replication' feature can be used to implement backup.",
    "type": "Detective",
    "implementationProvider": "wiz",
    "wizNativeType": [
        "bucket"
    ],
    "link": "Detective-Pipeline/AWS/AWS_S3/AWS_S3_12_1.rego",
    "requirementId": [
        "AWS_S3_12"
    ]
}