{
  "serviceprovider": "azure",
  "servicerequirement_name": "Azure::Storage_Account::Implementation",
  "serviceDisplayName": "Storage account Implementaion",
  "mappings": [
    {
      "id": "AZSA001-D01",
      "label": "Storage accounts should use private link",
      "description": "wiz policy to monitor if Storage accounts should use private link",
      "type": "Detective",
      "implementationProvider": "wiz",
      "link": "https://github.com/ey-org/cloudsec-ccm/blob/master/Monitoring%20and%20Remediation/Wiz/Azure/Storage%20Account/Storage%20accounts%20should%20use%20private%20link.rego",
      "requirementId": ["AZSA001"]
    },
    {
      "id": "AZSA011-D02",
      "label": "Azure storage account is enabled with TLS 1.2",
      "description": "wiz policy to monitor if Azure storage account is enabled with TLS 1.2",
      "type": "Detective",
      "implementationProvider": "wiz",
      "link": "https://github.com/ey-org/cloudsec-ccm/blob/master/Monitoring%20and%20Remediation/Wiz/Azure/Storage%20Account/Secure%20transfer%20to%20storage%20accounts%20should%20be%20enabled.rego",
      "requirementIds": ["AZSA011"]
    },
    {
      "id": "AZSA011-P01",
      "label": "Azure storage account is enabled with TLS 1.2",
      "description": "Azure policy for Azure storage account is enabled with TLS 1.2",
      "type": "Preventive",
      "implementationProvider": "Azure",
      "link": "",
      "requirementIds": ["AZSA011"]
    },
    {
      "id": "AZSA011-I01",
      "label": "Azure storage account is enabled with TLS 1.2 using IAC",
      "description": "Azure policy for Azure storage account is enabled with TLS 1.2",
      "type": "IAC",
      "implementationProvider": "Terraform",
      "link": "link to terrform line/comment where requirement is implemented",
      "requirementIds": ["AZSA011"]
    }
  ]
}
