{
    "serviceprovider": "azure",
    "servicerequirement_name": "Azure::ContainerRegistry::Implementation",
    "serviceDisplayName": "AWS ContainerRegistry",
    "id": "AWS_ContainerRegistry_11_1",
    "label": "Ensure CI pipeline is integrated with security scanning before pushing to private registry",
    "description": "Continuous Integration (CI) pipeline must be used with integrated security scanning to build secure images and push them to Azure Container registry. The vulnerability scanning built into the CI solution ensures that images that pass all the tests are pushed to the private registry from which production workloads are deployed.",
    "type": "Detective",
    "implementationProvider": "wiz",
    "wizNativeType": [
        ""
    ],
    "link": "link to terrform line/comment where requirement is implemented",
    "requirementId": [
        "Azure_ContainerRegistry_11"
    ]
  }