{
    "serviceprovider": "azure",
    "servicerequirement_name": "Azure::ContainerRegistry::Implementation",
    "serviceDisplayName": "AWS ContainerRegistry",
    "id": "AWS_ContainerRegistry_9_1",
    "label": "Ensure Container Registry is Continually monitored using Malware and Vulnerability scanning tools",
    "description": "Organization Anti malware and vulnerability tools are the required security intelligence that detects unusual and potentially harmful attempts to access or exploit the Container Registries. It uses advanced threat detection capabilities and Microsoft Threat Intelligence data to provide contextual security alerts. Those alerts also include steps to mitigate the detected threats and prevent future attacks. Microsoft Defender for Container must be enabled at either the subscription level (recommended) or the resource level to analyze ,detect and remediate the threats.",
    "type": "Detective",
    "implementationProvider": "wiz",
    "wizNativeType": [
        ""
    ],
    "link": "link to terrform line/comment where requirement is implemented",
    "requirementId": [
        "Azure_ContainerRegistry_9"
    ]
  }