{
    "serviceprovider": "azure",
    "servicerequirement_name": "Azure::ContainerRegistry::Implementation",
    "serviceDisplayName": "AWS ContainerRegistry",
    "id": "AWS_ContainerRegistry_7_1",
    "label": "Ensure Diagnostic logs for 'ContainerRegistryRepositoryEvents' and 'ContainerRegistryLoginEvents' are enabled and are forwarded to Splunk",
    "description": "The event log contains information about the api objects which include pods, services, replicationcontrollers, and other This logs when forwarded to Splunk provide necessary information to create notable alerts for any rule created to allow connection from internet.",
    "type": "Detective",
    "implementationProvider": "wiz",
    "wizNativeType": [
        ""
    ],
    "link": "link to terrform line/comment where requirement is implemented",
    "requirementId": [
        "Azure_ContainerRegistry_7"
    ]
  }