{
    "serviceprovider": "azure",
    "servicerequirement_name": "Azure::ContainerRegistry::Implementation",
    "serviceDisplayName": "AWS ContainerRegistry",
    "id": "AWS_ContainerRegistry_15_1",
    "label": "Ensure container images or repository is locked and exportPolicy is disabled for container registry",
    "description": "All tagged images in Azure Container Registry can be repeatedly updated and pushed with the same tag to a registry. Container images can also be deleted as needed. However, when a container image is deployed to production, an immutable container must be used as it prevents image getting deleted or modified accidentally.",
    "type": "Detective",
    "implementationProvider": "wiz",
    "wizNativeType": [
        ""
    ],
    "link": "link to terrform line/comment where requirement is implemented",
    "requirementId": [
        "Azure_ContainerRegistry_15"
    ]
  }