{
    "serviceprovider": "azure",
    "servicerequirement_name": "Azure::ContainerRegistry::Implementation",
    "serviceDisplayName": "AWS ContainerRegistry",
    "id": "AWS_ContainerRegistry_2_1",
    "label": "Ensure TLS 1.2 to protect data in transit in ACR is enabled by using latest docker client version",
    "description": "Azure Container Registry enforces data encryption in transit by using the Transport Layer Security (TLS) protocol to protect communication from Azure container Registry to servers and applications. TLS 1.2 must be used as the secure encryption in transit for all the Container Registry connections from servers and applications to improve the security posture of the environment and also to remain in compliance with industry standards or organization requirements. TLS 1.2 must be enabled in the Azure container registry by using docker client of version 18.03.0 or later.",
    "type": "Detective",
    "implementationProvider": "wiz",
    "wizNativeType": [
        ""
    ],
    "link": "link to terrform line/comment where requirement is implemented",
    "requirementId": [
        "Azure_ContainerRegistry_2"
    ]
  }