{
    "properties": {
      "displayName": "Logic Apps should be deployed into Integration Service Environment",
      "policyType": "BuiltIn",
      "mode": "Indexed",
      "description": "Deploying Logic Apps into Integration Service Environment in a virtual network unlocks advanced Logic Apps networking and security features and provides you with greater control over your network configuration. Learn more at: https://aka.ms/integration-service-environment. Deploying into Integration Service Environment also allows encryption with customer-managed keys which provides enhanced data protection by allowing you to manage your encryption keys. This is often to meet compliance requirements.",
      "metadata": {
        "version": "1.0.0",
        "category": "Logic Apps"
      },
      "version": "1.0.0",
      "parameters": {
        "effect": {
          "type": "String",
          "metadata": {
            "displayName": "Effect",
            "description": "Enable or disable the execution of the policy"
          },
          "allowedValues": [
            "Audit",
            "Deny",
            "Disabled"
          ],
          "defaultValue": "Audit"
        }
      },
      "policyRule": {
        "if": {
          "allOf": [
            {
              "field": "type",
              "equals": "Microsoft.Logic/workflows"
            },
            {
              "field": "Microsoft.Logic/workflows/integrationServiceEnvironment",
              "exists": "false"
            }
          ]
        },
        "then": {
          "effect": "[parameters('effect')]"
        }
      }
    }
  }