{
    "serviceprovider": "azure",
    "servicerequirement_name": "Azure::ContainerInstances::Implementation",
    "serviceDisplayName": "AWS ContainerInstances",
    "id": "AWS_ContainerInstances_4_1",
    "label": " Ensure Azure container implements RBAC access control",
    "description": "Access management for cloud resources is a critical function for any organization that is using the cloud. Azure role-based access control (Azure RBAC) helps you manage who has access to Azure resources, what they can do with those resources, and what areas they have access to.",
    "type": "Detective",
    "implementationProvider": "wiz",
    "wizNativeType": [
        ""
    ],
    "link": "link to terrform line/comment where requirement is implemented",
    "requirementId": [
        "Azure_ContainerInstances_4"
    ]
  }