{
    "serviceprovider": "azure",
    "servicerequirement_name": "Azure::ContainerInstances::Implementation",
    "serviceDisplayName": "AWS ContainerInstances",
    "id": "AWS_ContainerInstances_13_1",
    "label": "Ensure that Sensitive data is protected by using Secure Environment variables or Secret volumes in Azure Container Instance",
    "description": "Hard-coding or storing the passwords or other sensitive information in source code will result in sensitive data exposure and frequent source code modifications . So instead of setting the sensitive data directly in the configuration files , it should be referenced from environment variables or it can be retrieved from secret volume disk.",
    "type": "Detective",
    "implementationProvider": "wiz",
    "wizNativeType": [
        ""
    ],
    "link": "link to terrform line/comment where requirement is implemented",
    "requirementId": [
        "Azure_ContainerInstances_13"
    ]
  }