{
    "serviceprovider": "azure",
    "servicerequirement_name": "Azure::ContainerInstances::Implementation",
    "serviceDisplayName": "AWS ContainerInstances",
    "id": "AWS_ContainerInstances_5_1",
    "label": "Ensure administrative tasks are performed only in admin-e workstations",
    "description": "A Privileged workstation provides a hardened workstation that has clear application control and application guard. The workstation uses credential guard, device guard, app guard, and exploit guard to protect the host from malicious behavior. All the administrative tasks must be performed only using the admin-e workstation.",
    "type": "Detective",
    "implementationProvider": "wiz",
    "wizNativeType": [
        ""
    ],
    "link": "link to terrform line/comment where requirement is implemented",
    "requirementId": [
        "Azure_ContainerInstances_5"
    ]
  }