{
    "serviceprovider": "azure",
    "servicerequirement_name": "Azure::ContainerInstances::Implementation",
    "serviceDisplayName": "AWS ContainerInstances",
    "id": "AWS_ContainerInstances_12_1",
    "label": "Ensure Activity logging is enabled for Azure Container Instance",
    "description": "Information System must create a log and record activities occurring on or originating from the information system. Logs must be made accessible to the enterprise SIEM solution.",
    "type": "Detective",
    "implementationProvider": "wiz",
    "wizNativeType": [
        ""
    ],
    "link": "link to terrform line/comment where requirement is implemented",
    "requirementId": [
        "Azure_ContainerInstances_12"
    ]
  }