{
    "serviceprovider": "azure",
    "servicerequirement_name": "Azure::ContainerInstances::Implementation",
    "serviceDisplayName": "AWS ContainerInstances",
    "id": "AWS_ContainerInstances_7_1",
    "label": "Ensure container administrative credentials are vaulted using enterprise vaulting solutions",
    "description": "Azure Virtual network securely enables the communication of Azure resources with the internet and on-premises resources through organization data center using spoke-hub network model. Security tools in data center will filtering inbound and outbound network traffic based on use case.Any application account credential used to access container instance should be vaulted using Cyberark to protect from in advertent exposure of credential.",
    "type": "Detective",
    "implementationProvider": "wiz",
    "wizNativeType": [
        ""
    ],
    "link": "link to terrform line/comment where requirement is implemented",
    "requirementId": [
        "Azure_ContainerInstances_7"
    ]
  }