{
    "properties": {
      "displayName": "Requires resources to not have a specific tag.",
      "policyType": "BuiltIn",
      "mode": "Indexed",
      "description": "Denies the creation of a resource that contains the given tag. Does not apply to resource groups.",
      "metadata": {
        "version": "2.0.0",
        "category": "Tags"
      },
      "version": "2.0.0",
      "parameters": {
        "tagName": {
          "type": "String",
          "metadata": {
            "displayName": "Tag Name",
            "description": "Name of the tag."
          }
        },
        "effect": {
          "type": "String",
          "metadata": {
            "displayName": "Effect",
            "description": "Enable or disable the execution of the policy"
          },
          "allowedValues": [
            "Audit",
            "Deny",
            "Disabled"
          ],
          "defaultValue": "Audit"
        }
      },
      "policyRule": {
        "if": {
          "field": "[concat('tags[', parameters('tagName'), ']')]",
          "exists": "true"
        },
        "then": {
          "effect": "[parameters('effect')]"
        }
      }
    }
  }