{
    "serviceprovider": "aws",
    "servicerequirement_name": "AWS::LAMBDA::Implementation",
    "serviceDisplayName": "AWS LAMBDA",
    "id": "AWS_LAMBDA_7_1",
    "label": "Ensure helpers for encryption in transit is enabled (Encryption helper for the function's environment variables)",
    "description": "",
    "type": "Detective",
    "implementationProvider": "wiz",
    "wizNativeType": [
        ""
    ],
    "link": "Detective-Pipeline/AWS/LAMBDA/AWS_LAMBDA_7_1.rego",
    "requirementId": [
        "AWS_LAMBDA_7"
    ]
}